2,sample_1,sample_1,一郎,さんぷる,sample1@example.com,FALSE,1,,ja,,2011-04-01 00:00:00,2011-04-01 00:00:00,User,,none
3,sample_2,sample_2,二郎,さんぷる,sample2@example.com,FALSE,1,,ja,,2011-04-01 00:00:00,2011-04-01 00:00:00,User,,none
4,sample_3,sample_3,三郎,さんぷる,sample3@example.com,FALSE,1,,ja,,2011-04-01 00:00:00,2011-04-01 00:00:00,User,,none
5,sample_4,sample_4,四郎,さんぷる,sample4@example.com,FALSE,1,,ja,,2011-04-01 00:00:00,2011-04-01 00:00:00,User,,none
6,sample_5,sample_5,五郎,さんぷる,sample5@example.com,FALSE,1,,ja,,2011-04-01 00:00:00,2011-04-01 00:00:00,User,,none
7,sample_6,sample_6,六郎,さんぷる,sample6@example.com,FALSE,1,,ja,,2011-04-01 00:00:00,2011-04-01 00:00:00,User,,none
8,sample_7,sample_7,七郎,さんぷる,sample7@example.com,FALSE,1,,ja,,2011-04-01 00:00:00,2011-04-01 00:00:00,User,,none
9,sample_8,sample_8,八郎,さんぷる,sample8@example.com,FALSE,1,,ja,,2011-04-01 00:00:00,2011-04-01 00:00:00,User,,none
10,sample_9,sample_9,九郎,さんぷる,sample9@example.com,FALSE,1,,ja,,2011-04-01 00:00:00,2011-04-01 00:00:00,User,,none
11,sample_10,sample_10,十郎,さんぷる,sample10@example.com,FALSE,1,,ja,,2011-04-01 00:00:00,2011-04-01 00:00:00,User,,none
